keep this or chnage this by refernacinf this tag_id,tag_name,seed_word
85EFE1AD-1DF8-435E-814E-90F5F831A1C1,Yoga,yoga
BCDD938E-64DA-44F0-B4F4-E3E1D822C24B,Yoga,yoga
EB09E7D3-1D81-499E-9027-50EAB686B09E,Yoga,yoga
2DA0A01A-8A15-4776-9F6B-D79919D6207F,Yoga,yoga
500013DE-1509-47B1-822C-76D0557B5DDA,Yoga Studio,yoga
D441A621-E824-431E-9D9C-6DD90DFBB633,Yoga Instructor,yoga
EB14611D-7F0F-4052-ADDC-3F047E86FFBD,Yoga Retreat Center,yoga
A9CF8628-AB34-4B64-A67A-05144379F18E,Yoga classes,yoga
3E7BCC9B-FD94-4DCB-98A1-D0BFCF07CC9B,Yoga room,yoga
77709913-BF7F-432A-B165-E16B1C010819,Yoga Studio,yoga
766CAEB5-2E50-40B1-93E2-7F331DF861F5,Yoga Retreat Center,yoga
34896322-6B9B-42A7-A6E5-15515B49F45C,Yoga Studio,yoga
A3270C5B-1336-47C0-99D0-D39209CBB194,Yoga Studio,yoga
6BC2B64C-6AD1-4EED-8C1F-012CBB188890,Yoga Retreat Center,yoga
D59268C8-44BF-4588-A87F-14B26042AE98,Yoga Retreat Center,yoga
62FD5DE4-F6E0-4A11-B787-417FE8F64B02,Yōga Painter,yoga
DD0A296A-4436-4417-9579-442F4DDCBA58,Yoga Instructor,yoga
75D47380-6726-4A31-A423-CB16F0B47511,Yoga Instructor,yoga
2BC9301D-25B9-4B1F-938F-D97E36738155,Yoga Instructor,yoga
A8851FA8-D65B-4EC3-8227-3C8FB1338F5F,Yoga Pants,yoga
5523671E-E92A-4677-BE02-FD058E817265,Meditation,meditation
2FCDCBE0-3D26-4EB3-B32D-3472EC0F0CFA,Meditation,meditation
64EE6FA4-FB4B-4E10-8FF8-33A381FF054C,Meditation,meditation
DA950475-C3F0-4159-B3A2-657A730FA35A,Meditation,meditation
149517D0-CA68-43D6-9462-BAB99846C42C,Meditation Center,meditation
0480C61C-F0AC-4382-BA3F-C2CB90A5E55F,Meditation Instructor,meditation
66A3C6A0-AB9C-4623-9372-B2CB2338627C,Meditation Center,meditation
80D82E85-32E0-4516-B699-82E69CFA913A,Meditation Center,meditation
E07E970E-FD9A-4952-8483-3296BD8B779C,Meditation,meditation
82159638-137A-495B-89AB-689963A66904,Meditation Center,meditation
74C0FBA4-BE88-488A-8C75-16B52EEDA3BF,Meditation Instructor,meditation
5AB89E01-69C4-41DE-A683-7BCF71FF2931,Meditation Instructor,meditation
4F92EC4A-790C-43BC-AC3F-225866587066,Pilates,pilates
2A61095A-5373-49DF-B83F-5F1225F8F43E,Pilates,pilates
BD6748AD-7927-487C-89AE-146E92398FE8,Pilates Studio,pilates
E9013915-DD1E-4830-A981-AB21F31878E7,Pilates Studio,pilates
6E2E11A2-8E4D-466E-944A-9C199DD3AAFA,Pilates Studio,pilates
0AA2A3C3-E532-475D-8B74-AF6D7195B111,Pilates Studio,pilates
328B43E1-89BD-4D81-91A5-5CEB61C9D716,Pilates Instructors,pilates
2434D2C3-6CA8-4247-84C2-EF498B5A2FBE,Mindfulness,mindfulness
B0EB6537-A09A-4050-A6B9-7227F3FA9A74,Mindfulness,mindfulness
A30252FA-51E4-4AE1-8B3A-E9F1D434F894,Mindfulness,mindfulness
2DE5D66A-B2BA-41D2-BB06-4E8CD2B4BFE6,Mindfulness,mindfulness
449591A0-E09E-49B9-945C-602AF2567690,Mindfulness,mindfulness
72C90637-300E-4D18-996E-55D1C946023F,Mindfulness,mindfulness
056B3548-6BC2-4D7B-BD7D-CA9010B83123,Mindfulness (psychology),mindfulness
306ED2E3-7018-453F-ABFD-76977CB67774,Mindfulness Movement,mindfulness
8CF91FDC-A882-45FD-A9A6-B0FAFA3FC99E,Mindfulness (buddhism),mindfulness
73EAE486-F329-4EDD-B589-06B42538CBB6,Mindfulness Meditation,mindfulness
4011DBCC-5F2F-4E43-95A1-6D893AC4C92A,Reiki,reiki
EE01BDA9-6391-4FCF-AF3E-0B4A92E581DF,Reiki,reiki
866FCF94-D202-4A70-A954-4135F27D9B41,Reiki,reiki
700C7100-7743-452A-B7AA-BF98D0F0F2CC,Reiki Practitioners,reiki
5C01B170-9F05-4DCC-B8DE-1ED72E3BE532,Acupuncture,acupuncture
7256536E-C8EC-472C-ADCD-141A19F78380,Acupuncture,acupuncture
F52F3AE5-E55A-4C7F-81C7-2F5936C9496A,Acupuncture Clinic,acupuncture
C31931BE-E78E-448D-B610-302CCEB9E3EE,Acupuncture Clinic,acupuncture
5D579F1A-DA05-4DB5-8613-26283A0473B8,Acupuncture School,acupuncture
EF7DCA37-6BF8-48F6-AD5F-236242D8A299,Acupuncture Clinic,acupuncture
54694B90-9C7B-4B4F-8ACD-CEB1359D7F2C,Acupuncture Clinic,acupuncture
E28CE5EF-C273-48DA-9430-1608A619DD36,Acupuncture Organizations,acupuncture
B2789350-BF88-46F9-928C-EBFBBBC88FC9,Acupuncture Needle,acupuncture
EFB2D97B-9592-4F83-A394-7024C1EF2FAB,Acupuncture Therapy,acupuncture
C37187C8-1B70-4826-B5A9-471FB577B383,Personal Trainer,personal trainer
A67E6BD4-9A62-44C6-8339-DEF1616DB3FD,Personal Trainer,personal trainer
4F29A35A-9CA9-433A-8368-E10F7E3CBB4A,Personal trainer,personal trainer
32C3510A-15BC-42ED-A9F4-9B74546BE2C3,Personal Trainer,personal trainer
CCA5157F-4833-481A-8196-43D76496A9D5,Personal Trainer,personal trainer
CDE5FB74-3907-48B3-8431-12ED416F80CE,Personal Trainer,personal trainer
0520A96C-0715-433B-BC93-EC6D2771C469,Personal Trainer,personal trainer
F7979219-969C-4DFE-B787-92EC4568963C,Womens Personal Trainer,personal trainer
98B15C66-9BA7-46F1-8F0A-B63D3D192329,Womens Personal Trainer,personal trainer
B1D79638-C1C1-4917-89B2-A7D9E4F62176,Womens Personal Trainer,personal trainer
FD488D7C-E770-4494-A0F2-42F9DBCA4678,Womens Personal Trainer,personal trainer
0D1B60AC-8FB5-4F53-A874-0388AB5AFBF4,Cryotherapy,cryotherapy
5BC1170D-0D40-4531-9801-FE5034E9542A,Cryotherapy,cryotherapy
40E23C16-5E97-4AD0-B9FE-4FAEF8B40F46,Cryo Therapy,cryotherapy
0C85D9D7-063B-4F4E-914F-70DF9E063E4D,Sauna,infrared sauna
C8B8F1A9-2BE7-41CA-B0A3-E3BBA52B9EAF,Sauna,infrared sauna
552B28F2-51D7-444E-887F-D9FC9091A647,Sauna,infrared sauna
67EB617E-D1DA-4F8E-AEED-5E454653ECDA,Sauna,infrared sauna
801F9EAE-3793-4632-8121-9068A41B541B,Sauna Store,infrared sauna
651817CD-94B2-4807-A40D-B5A615E89B63,Sauna,infrared sauna
94CEF841-28A0-4CBD-B70D-C21B6F495E4F,Public Sauna,infrared sauna
DB6E7101-A0BC-4649-85A4-3F69FDDD7B6D,Sauna Club,infrared sauna
39A3256C-AF45-4730-92DA-C01D3222DEE4,Sauna,infrared sauna
0257C254-5D9B-4F92-8915-10A2E58DBBC5,Gay Sauna,infrared sauna
95657897-E85B-4E08-882D-63866E56587A,Korean Dry Sauna,infrared sauna
CEA4CB25-5B37-4026-A620-8DBB44743D9A,Public Sauna,infrared sauna
4E3E4504-40AA-45B5-949E-9E7ABA42C81C,Mobile Phones With Infrared Transmitter,infrared sauna
EAB01ADA-5EC7-46ED-A374-B788FE5E79D3,Sauna Club,infrared sauna
9A14590A-1853-4FB9-90B8-E7394FB633EC,Public Sauna,infrared sauna
48A9B335-1541-41EB-B69F-F86B4776FFD8,Public Sauna,infrared sauna
254A5ED4-BF90-4C5A-937F-DA5D7F4BE6DF,Water Tank Cleaning Service,float tank
37392182-C8DF-4314-9E7C-A3AB28AD942D,Rainwater Tank Supplier,float tank
C024E997-A2AC-48C6-B796-7101FB310AF8,Tank,float tank
653AF008-F569-4133-BFFC-97B735A5DA90,Man Wears A Tank Top,float tank
5C126DC8-407A-4F3E-9FA4-01F16CD06E63,Tank Top,float tank
F48FF6A5-B79F-4D91-9D88-4E6F519D5C25,Fish Tank,float tank
FA5DDDD1-8564-4C68-BF76-3307F5D5C4E6,Woman Wears A Tank Top,float tank
FEC9AEDC-7AF0-4F72-937C-3311DBD09888,Lst-542-class Tank Landing Ships,float tank
6E716D00-4844-4262-B1FE-17FE470B0C58,Holistic Healing,holistic healing
B4A891F8-E32F-4BE5-AC0A-17456D3DEC3B,Holistic Healing,holistic healing
FB8B7FC1-AA8D-4979-9007-11DFE6AC93B8,Holistic Medicine Practitioner,holistic healing
7627AD8E-7AC5-450F-8DD7-1AAFDC44B65E,Holistic Medicine Practitioner,holistic healing
31828C2D-8A7B-4532-BD09-DA7F5082D704,Massage Therapy,massage therapy
A2E187F5-56CD-41E0-9B36-F5E5BB68F367,Massage Therapy,massage therapy
B5B77B87-220E-407E-B69B-4D4A84FF661C,Sound Bath,sound bath
2DB80901-DD34-47C9-9D39-633499E2B979,Bath / shower,sound bath
554B5133-FD65-4C51-9B51-5C9006FAD3DD,Public Bath,sound bath
1EF76BDB-A0C6-4E95-B388-70A386424901,Hot spring bath,sound bath
C9B7B649-5A90-4392-8E6D-616526D95653,Foot bath,sound bath
A8B49912-1BC1-4399-88C0-7732284F26E6,Open-air bath,sound bath
09C99B9F-3AE8-429C-8B8B-5220AA5E766E,Super Public Bath,sound bath
D8A6E1EB-E501-4F2E-90F8-3E9897FFE4AB,Outdoor Bath,sound bath
3BE3BB32-2BEE-4475-B98B-F670231E5100,Foot Bath,sound bath
73B0D606-DEA7-478E-83C0-7FE937509A6C,Aromatherapy,aromatherapy
5868E4FF-2E6C-4481-8B21-C80BDEE4925C,Aromatherapy,aromatherapy
02EE0D3F-D8A5-41CC-A473-06083F488783,Aromatherapy Service,aromatherapy
2FC9C3EA-2EE8-4CA6-BCFC-65649C99D073,Aromatherapy Supply Store,aromatherapy
123B03E1-F256-4219-A99D-A4C3F55EC856,Aromatherapy Service,aromatherapy
8EC304D3-B27F-4A2F-B23D-4E9C10ED6224,Aromatherapy Class,aromatherapy
F76EA370-F520-47D9-96FD-8A1069C5E543,Aromatherapy Class,aromatherapy
D568F4B4-F2F3-4A86-9D84-6C80DDA4BDC9,Aromatherapy Service,aromatherapy
0ED2C610-05C3-4391-B059-6C895E6495E3,Aromatherapy Service,aromatherapy
84F8EAE6-828B-48DF-B879-EA0E99E221DD,Aromatherapy Class,aromatherapy
4ECE056D-7CDE-42DE-943B-99F9CF86F9D8,Aromatherapy Class,aromatherapy
DD6ACEEC-59DA-4E78-A93F-446F683ED820,Aroma Therapy,aromatherapy
C0028ABB-84B0-4ECC-B5D8-3F61AB3A0BD3,Gym,gym
E18989F2-1345-468B-B924-086F8B664A66,Gym,gym
658A0AA1-043F-460F-8FAD-CDC9105F9161,Gym,gym
9F00C490-168D-41AB-95A8-9B706360FA7C,Gym,gym
853328E4-4A67-402D-A1C9-5674924F6D0D,Gym,gym
F876C7EB-A3BF-400C-B30D-217657A19D41,Gymnastics Center,gym
3D12F223-A588-492C-A599-22EE3E3A965B,Gymnastics Club,gym
E30E3B2F-8721-42D7-9CEE-F5DC4B13F142,Gymnasium School,gym
22446AFA-4DD5-4588-9EF7-4403E373357D,Gymnast,gym
CFC3D780-112B-4F97-87CF-06FCEFC24B98,Gymnastics Center,gym
0A2C31DC-A496-451C-BF0F-8057F00A903F,Gym With Swimming Pool,gym
53F696C9-2C74-419C-B8A7-54428C6EA932,Gymnastics Club,gym
0BB1B471-20F9-4047-9715-B0A9F6D29785,Gymnasts At The 2020 Summer Olympics,gym
F32A5D70-4C99-4C8A-98E4-C51F550BA616,Gymnasts At The 2012 Summer Olympics,gym
E0C6D697-4B4D-4B44-8DDC-84D5841F4E01,Gymnasts At The 2008 Summer Olympics,gym
31CD2F38-EDCA-4F90-91EF-16AC8D39FE87,Gymnasts At The 2016 Summer Olympics,gym
969E15C5-6A8C-4905-897B-2E07D814EDF5,Gymnasts At The 1952 Summer Olympics,gym
05A0596F-EAEB-466C-892B-B719280C8C8B,Boxing Gym,boxing gym
421EB513-D7EB-49D6-904E-F737F04372AC,Boxing Gym,boxing gym
7D2DF4EF-F7A4-41E8-867E-154BCC093985,Boxing Gym,boxing gym
C43AA649-9844-4ECC-99E1-13339C0FE646,Boxing Gym,boxing gym
F8FDE89F-324C-4351-ABCC-C6ECB47A9781,Boxing Gym,boxing gym
B5FCA85A-D415-4752-B408-37B598C5F3BB,Boxing Gyms And Clubs In The United States,boxing gym
16B34C83-FBC7-4306-9219-11794EA6A42C,Boxing Gyms And Clubs,boxing gym
31B9D7C3-3954-45F0-BFE4-1B7AE8C73B42,Muay Thai Boxing Gym,boxing gym
77571E95-39A2-4F73-9F68-57A5E92FF21B,Muay Thai Boxing Gym,boxing gym
C2801916-5C72-4AE8-9DB9-83E18BB4A76E,Muay Thai Boxing Gym,boxing gym
04FF2936-220D-4E69-8CDB-E565934054AE,Muay Thai Boxing Gym,boxing gym
12C91038-0E43-4A9B-BFD6-07460DFF2837,Crossfit,crossfit
117D758C-AB15-47B8-A9DB-D306A2F01F15,Crossfit,crossfit
2735BF9D-ED72-428C-8891-49A524750FA8,Zumba,zumba
6EFA8E8B-90C3-4B64-BB40-8E20076038C0,Zumba,zumba
9853F61C-A835-4ED3-A8BE-92D25BC0FF04,Spin Class,spin class
4C329289-47F9-4743-8656-E9F1F584567C,Spinning Class,spin class
79C59810-C410-46F6-954B-2FA7AEBD4550,Cooking Class,spin class
0E631D6A-7DBE-4C18-BC2F-FFDAB0CB07EF,Class,spin class
C8B93C91-8FAA-4EF2-9032-D01A4DA3691A,Hip Hop Dance Class,spin class
29581C0F-8CAA-4F5B-A393-39526BA87AEB,Photography Class,spin class
C467E08D-5B66-43C7-BEB7-B278F372AE18,Childbirth Class,spin class
D4B05A2E-54B9-4698-84C2-E10883118E70,Class,spin class
2B424377-4B5F-4E98-ADC5-6FA0F3009B05,Wood Working Class,spin class
7A4B95BD-DDEE-4EAD-AF6F-BB70EAE8B2B8,Body Shaping Class,spin class
C13C31B9-2114-4033-91A2-FA42F38FF592,Stitching Class,spin class
AF1E10B8-0144-49CE-B8FD-67727C704FE2,Aero Dance Class,spin class
0C0D30D8-6703-47D1-99FC-3B9F4E356EAA,Mehandi Class,spin class
55205E2B-2F2D-4315-B5B5-B07B694FC52C,Cooking Class,spin class
3ECA7DBF-0007-4184-AE80-0506B06FFFA0,Mountaineering Class,spin class
7F2D4CB3-6280-400A-B3CE-C56FC23CE5CA,Class A Official,spin class
0C8FCEAF-DE13-49C5-B9BF-7617FC06FDC1,Class Differences,spin class
E3E83098-94BD-429E-9EF9-AB72089E2718,Spin Off,spin class
4277FC1A-0A1A-422C-8B3B-03ACAF4D0D39,Class B Official,spin class
B50E9FD3-3122-4ED8-944E-4589C0F04F5B,Working Class,spin class
ED09AA32-96D4-49EF-AB8D-6960CF0B3232,Martial Arts,martial arts
60AC1ED0-0E55-42C0-8ACE-4EE23080EF07,Martial Arts,martial arts
5D83A67E-EDA6-44C0-8CF1-9FD507BFBA27,Martial Arts,martial arts
8C80305F-66D0-4939-95F7-DD39E0A3D782,Martial Arts,martial arts
62B11012-45C8-43DB-A9F8-9387B369CF3F,Martial Arts,martial arts
8C294676-7345-498D-B63F-991004B14813,Martial Arts,martial arts
4B48DF20-2182-4E08-89AB-F13921E51D5A,Martial Arts,martial arts
6BC39CD9-BE35-47FF-BCC3-E91E8F35CAA5,Martial Arts School,martial arts
F482016A-DDB0-4A8A-B3B7-8A442D3E4E9B,Martial Arts Club,martial arts
D7318628-CF01-4849-A8F6-5BF5906A1CC7,Martial Arts Supply Store,martial arts
5FC380FA-5F70-4202-A2F2-33347B8083F7,Martial Arts Action,martial arts
FC0174C0-5B33-463B-BCE8-72C209D970AA,Martial Arts Master,martial arts
2E8961F5-312A-4B24-BB0A-852F869ADBF2,Martial Arts Club,martial arts
A8675118-1DE2-4828-A4F7-CE2A117F9F9D,Martial Arts Film Stubs,martial arts
5A67F7E2-360C-4E64-83C2-6A350EDE36BB,Martial Arts School Founders,martial arts
5D41D9C4-61E9-4B1F-B64A-E929F18E6682,Martial Arts Training,martial arts
57134E4C-05D3-4C5E-9635-2DE498080AEF,Martial Arts Stubs,martial arts
FF701F8F-CC17-401B-BA1E-8009E0505BFF,Martial Arts Medalists For Iran,martial arts
AD1ABE6F-59DD-48D9-9B63-70904051C3DD,Martial Arts Television Series,martial arts
D25222E7-3CD7-4677-B233-F6715D204EFD,Martial Arts Anime And Manga,martial arts
FE24361F-FAA6-4E83-A855-6DBD737387D0,Martial Arts Fighting,martial arts
0B605F1B-CCCC-486E-B8CB-6377EB5CD5A5,Martial Arts Tournament Films,martial arts
F33E7594-1B23-438B-9E70-C875D153FEB4,Martial Arts Tournament,martial arts
B5227078-FA05-4323-88C1-0D7DAEA6FFC3,Martial Arts Writers,martial arts
8C62AAEF-E1F7-4A19-92B9-BF9B6C5EC0B6,Martial Arts Video Games,martial arts
D20D4754-34D4-429F-9C64-282E7016A811,Martial Arts Fantasy Films,martial arts
4209EA24-64BB-4963-A83A-02AA6888863C,Martial Arts Biography Stubs,martial arts
ABB0A9AE-1320-4976-919A-99CAEAFF4A8F,Martial Arts Science Fiction Films,martial arts
757674E6-EEFB-424E-A246-D068E858D846,Martial Arts School,martial arts
A7495E5E-6D78-456B-B279-5F38E9433BFE,Rock Climbing,rock climbing
D4FAADF0-39C8-4947-8F9A-4A76C42B433F,Rock Climbing,rock climbing
8C70C332-559C-45B9-B34E-C1061BBE1D6A,Rock Climbing,rock climbing
4111EED7-C195-4BC2-AE18-D182AD20F518,Rock Climbing,rock climbing
A28F10F0-5BDD-441D-A5C3-A24A996B8E8C,Rock Climbing,rock climbing
BCBE324C-C0F6-4C6F-9711-74BF8B51C9AA,Rock Climbing,rock climbing
B38E39CC-C294-4723-97BC-63C80AC53793,Rock Climbing Gym,rock climbing
82724FC7-79E5-4639-B87A-5CA80B24F997,Rock Climbing Instructor,rock climbing
3106BC1B-46B9-4BE6-86ED-7282DCE06F51,Rock Climbing Gym,rock climbing
9A825CDF-E571-4066-BC1C-DE89A7647BC3,Rock Climbing Gym,rock climbing
D1BD60BA-74D6-414A-AB14-1AD76869C6FB,Rock Climbing Instructor,rock climbing
EBC87EC4-A97D-4537-AE3E-353C3D9F5CFE,Rock Climbing Gym,rock climbing
B8AC616E-7D77-4373-B998-BA2947115C73,Rock Climbing Instructor,rock climbing
90DD0CBF-B871-471B-A2C2-4737907F2FF1,Rock Climbing Wall,rock climbing
EF450320-811E-4616-9DA7-AED89ECB5407,Natural Rock Climbing Area,rock climbing
4FFEE2AA-4B52-49A4-8BFA-0B0BECF4CFC5,Bar Restaurant Furniture Store,barre
6F5D17CB-01ED-4582-8609-D8B7F31292F7,Barrel Supplier,barre
425C6BD1-D9CA-4DD1-BE9A-B4FE75C77DDE,Barred Spiral Galaxies,barre
EDAF859A-660D-4870-8042-020174DF8723,Barrel,barre
881743D4-DF31-4ED7-95E7-1891E5BCA6CC,Boot Camp,bootcamp
F3B521EA-4D7F-48E6-8B3A-3A21A2C25BF7,Boot Camp,bootcamp
66884D3D-95E1-43CB-9012-7BE893A1207C,Boot Camp,bootcamp
C374D11C-B9C6-4730-AB69-F09A0EED5285,Boot Camp,bootcamp
3FF2709B-5785-4EEE-8C93-7F7AE2565A07,Boot Camp,bootcamp
072422AE-1699-41DD-A039-9CFEFFB85E0D,Boot Camp Clik Albums,bootcamp
90D049A4-BBD5-4EDE-B7C5-B50A76A53C7A,Boot Camp Clik Members,bootcamp
49466F9E-51EF-4344-B079-4EDEE7366868,Boot Camp Clik,bootcamp
F214166C-43C7-4D2D-A47A-2521A1005023,Boot Camp Workout,bootcamp
0BD08E3C-E78A-4E69-8DAB-65B87B42BEBC,Bootcamp,bootcamp
FA33BF03-D04E-433C-B3BD-8733E164C539,Parkour,parkour
73642D4A-CBD2-4079-8531-768F3DC8C1D6,Parkour Spot,parkour
8DD01F2E-5DDF-45EB-B8B2-67899CD3AB9D,Parkour Spot,parkour
7E325560-050C-4623-9D61-278A74A63149,Parkour Video Games,parkour
876D6A23-7438-4F3F-9556-87419B095876,Parkour In Film,parkour
62052EFD-DA39-4359-8ADE-3FDE3CA011A6,Parkour Spot,parkour
25E7FD94-CC3D-4FA1-981C-2542C394ED7D,Parkourist,parkour
9C4B8501-2A96-4DE1-A524-C45463FEFEAA,Parkourist As Protagonist,parkour
C09ED945-DA3D-461D-8867-6B03E9B1F926,Parkour Spot,parkour
5213D492-65CF-445B-BF62-1D68E5F76B0D,Parkour Competitions,parkour
6004B129-BA58-4308-91E5-7F8A5F47CAFB,Parkour In Fiction,parkour
tag_id,tag_name,seed_word
79C59810-C410-46F6-954B-2FA7AEBD4550,Cooking Class,breathwork class
0E631D6A-7DBE-4C18-BC2F-FFDAB0CB07EF,Class,breathwork class
C8B93C91-8FAA-4EF2-9032-D01A4DA3691A,Hip Hop Dance Class,breathwork class
29581C0F-8CAA-4F5B-A393-39526BA87AEB,Photography Class,breathwork class
C467E08D-5B66-43C7-BEB7-B278F372AE18,Childbirth Class,breathwork class
D4B05A2E-54B9-4698-84C2-E10883118E70,Class,breathwork class
2B424377-4B5F-4E98-ADC5-6FA0F3009B05,Wood Working Class,breathwork class
7A4B95BD-DDEE-4EAD-AF6F-BB70EAE8B2B8,Body Shaping Class,breathwork class
C13C31B9-2114-4033-91A2-FA42F38FF592,Stitching Class,breathwork class
8EC304D3-B27F-4A2F-B23D-4E9C10ED6224,Aromatherapy Class,breathwork class
AF1E10B8-0144-49CE-B8FD-67727C704FE2,Aero Dance Class,breathwork class
0C0D30D8-6703-47D1-99FC-3B9F4E356EAA,Mehandi Class,breathwork class
55205E2B-2F2D-4315-B5B5-B07B694FC52C,Cooking Class,breathwork class
3ECA7DBF-0007-4184-AE80-0506B06FFFA0,Mountaineering Class,breathwork class
7F2D4CB3-6280-400A-B3CE-C56FC23CE5CA,Class A Official,breathwork class
0C8FCEAF-DE13-49C5-B9BF-7617FC06FDC1,Class Differences,breathwork class
4277FC1A-0A1A-422C-8B3B-03ACAF4D0D39,Class B Official,breathwork class
B50E9FD3-3122-4ED8-944E-4589C0F04F5B,Working Class,breathwork class
C32A91A2-8380-4954-A53C-78096A50E6EC,Class C Official,breathwork class
4B80F4A6-2D6F-4F08-8FFA-4959D69E4B66,Recipients Of The Pour Le Mérite (civil Class),breathwork class
E201C0D3-DCDC-4955-9E9D-BA4EA667EF0A,Class,breathwork class
007C803C-47FC-4EEC-8AF6-A6F85831D974,Physical Therapy Clinic,emdr therapy
84AA9C2A-32F7-4C9D-8C0E-723CD869E3F1,Physical Therapy Clinic,emdr therapy
4293BDFF-B1EC-4AF3-AFAE-4BD1FD54E410,Craniosacral Therapy,emdr therapy
265D8840-54AD-49F0-8F66-94CB4E26C329,Therapy,emdr therapy
D9C788FD-1C08-4DA5-8EE4-E0A15F1053DF,Light therapy,emdr therapy
D6ADD235-2C29-40BD-A797-536BB3322C46,Craniosacral Therapy,emdr therapy
F5AD5C6B-5DC7-49D4-9DC1-50814C3136EF,Physical therapy,emdr therapy
64AAD872-9917-4A5B-A41D-1A9F0A1FA637,Group Therapy,emdr therapy
2445CF79-3AC2-4814-853D-5DE74B8BED76,Manual Therapy,emdr therapy
2FB511CF-860C-423B-8FFA-171B7303BDD0,Therapy Session,emdr therapy
A1C50D35-49D1-4F51-B67F-36FCCED4C19D,Physical Therapy,emdr therapy
771D5C12-56DE-4928-ADB6-5AE487DFDB7E,Respiratory Therapy,emdr therapy
9EA6D942-98BA-40FA-B7CF-B76F96F0FBBE,Couples Therapy,emdr therapy
C9405A3D-ABD5-4BF4-9136-5065927875C7,Electroshock Therapy,emdr therapy
21A3CAAC-6A6D-4214-A691-9BFBEB9EFF54,Sound Healing,sound healing therapy
2DA9CD9B-B39E-4FD2-BB4C-BC5510D9E582,Sound Therapy,sound healing therapy
6072C0C5-3276-4B3D-92A6-5D1548D54735,Healing,vibrational healing
4C1B9C41-321F-4DF5-B2DD-5C4E8EDBCF6E,Marvel Comics Characters With Accelerated Healing,vibrational healing
D781AFAE-8C17-4CE3-938B-BB0144C625E8,Dc Comics Characters With Accelerated Healing,vibrational healing
9CAB2AD5-4A7B-4EE0-BC2E-83B65D51C866,Healing,vibrational healing
2B790833-9F87-479F-89D9-F830EEAC6B1C,Healing,vibrational healing
AF0C2F80-C9F4-4BA4-A1C0-2859B3F16557,National Forest,forest therapy
038D7552-6247-4131-9415-66036136D530,Forest,forest therapy
55CA5790-95B1-41CF-8266-052845E70857,Photography Studio,cold plunge studio
500013DE-1509-47B1-822C-76D0557B5DDA,Yoga Studio,cold plunge studio
F16B5F67-8E88-411E-94D1-1561F678C17A,Recording Studio,cold plunge studio
4E147190-9640-4094-B323-603C619E2ED1,Portrait Studio,cold plunge studio
BD6748AD-7927-487C-89AE-146E92398FE8,Pilates Studio,cold plunge studio
4B0B8921-2339-42C6-932E-99EDD4524DD5,Art Studio,cold plunge studio
6A4BB70C-3F17-4D90-9715-B163942807C8,Art Studio,cold plunge studio
1D419C3A-A15C-4E33-A991-AB2E5DD92E44,Cold Cut Store,cold plunge studio
C7167381-1DDD-4272-8794-2F2E5FCD6B33,Cold Storage Facility,cold plunge studio
A913344A-A3DF-4694-89C8-D503E8C905EB,Animation Studio,cold plunge studio
4FADE14C-9545-484B-9AED-4884EB6F6424,Movie Studio,cold plunge studio
3CA7DC4F-5BAF-4D0C-BE60-910830F95BF6,Toning,vagal toning
23EAF05F-793E-423F-B115-C3A1835EDCBC,Emotional Resilience,emotional resilience training
30695E70-EE36-408D-BFF4-FD22F5704516,Training Centre,emotional resilience training
B38E3929-BB1C-45BD-839C-D0245057C481,Computer Training School,emotional resilience training
3C1A9C26-13A7-4E7F-8169-E435E73E4E3F,Software Training Institute,emotional resilience training
3A91049F-DC86-4D32-BC21-3D115AF1B02F,Drivers License Training School,emotional resilience training
05F649BA-705B-4D66-9FDA-B961CDCD9B68,Training Provider,emotional resilience training
0AB65DB5-243A-4EF3-A297-9E74057A889F,Training School,emotional resilience training
F6DADFA4-16E7-419F-908A-EC22A6CA8D68,Emergency Training,emotional resilience training
D74C765A-E19E-4D9A-9E2E-4E8600C0D521,Emotional,emotional resilience training
CFE24EA8-1716-4544-A784-C33FD771D2D4,Aviation Training Institute,emotional resilience training
67A7CC29-88F1-45BB-9C91-702388F4DDF0,Emergency Training School,emotional resilience training
BC5128F7-F0DD-4C98-8EFA-6751318B9A8A,Learner Driver Training Area,emotional resilience training
E4465F98-FE78-4164-AAEE-FECEC56B4A73,Training Consultant,emotional resilience training
7D8C87AF-CC7D-4068-96F8-372F034CB9A5,Hardware Training Institute,emotional resilience training
12AC5B2C-B06A-4F07-9295-1943E90E7700,Training Centre,emotional resilience training
BE30D528-3108-423B-B0DD-F2CA1D1E2881,Training,emotional resilience training
385E056F-3A58-44E8-8C9E-D8B312CAD362,Training Courses,emotional resilience training
E426EDA2-4EA7-44D0-8C89-784835DD2390,Training Centre,emotional resilience training
85705407-BBCE-4584-9AF3-85D3ACF5AB6F,Emotional,emotional resilience training
75D0C1C0-F4FD-40AD-B268-A0ED17CAE7BA,Emotional,emotional resilience training
86C96E26-756C-4E9E-8429-DA8CFEE51810,Training Centre,emotional resilience training
B4E6EF39-70DB-4568-9F76-8DE360BCB64F,Wellness Center,men's wellness center
77C0C20A-2AA9-46B7-B013-F3D65F1628D3,Wellness Center,men's wellness center
964A161C-B9AC-4B69-ABC0-9CAD03E02BEF,Wellness Center,men's wellness center
BD6E30B6-CF65-400E-B09B-05D10EBC71F0,Wellness Center,men's wellness center
94C75760-9256-4503-9FB0-DF8EA88DCCAD,Computer Support And Services,neurodivergent support
542AF565-2449-435B-9104-D5BB49A80884,Disability Services And Support Organization,neurodivergent support
E4449342-7E9E-440F-B424-2A0212BDC3BC,Disability Services & Support Organisation,neurodivergent support
01B63FB4-433D-46B0-999B-F88B82CA506E,Patients Support Association,neurodivergent support
CA12B2B8-C62F-42E3-8856-77638A8D11D6,Support Group,neurodivergent support
9851D341-3191-4BF3-87EC-2ECA517C1EDA,Building Support Supplier,neurodivergent support
6CC6BB74-0AC0-46D6-B9DB-0DBBAF1D4035,Self Support Center,neurodivergent support
7E915C50-80C0-4E92-98EF-66FB0EBCC99E,Support Group,neurodivergent support
32CF23BB-C477-41C5-9315-4B4CE4AED4D1,Video Games With Steam Workshop Support,neurodivergent support
DCCF1A0F-F05E-473D-AD33-C4812B526A53,Computer Support And Services,neurodivergent support
48C122AA-220F-4EEE-A02F-DE40DCC88F5B,Support,neurodivergent support
B2D52190-AA6B-489F-A296-6FE2147C9907,Computer Support And Services,neurodivergent support
DF65F933-15BE-450C-9967-32D3A2A62C07,Disability Services And Support Organization,neurodivergent support
D2B99D67-2353-434F-B7F9-963A7DE5CB8E,Disability Services And Support Organization,neurodivergent support
EAFE9896-EE8E-4E6F-8AD9-58C26C5F1F15,United States Military Support Organizations,neurodivergent support
A395A283-57A6-4338-B8FB-777DCC5A2094,Life Support,neurodivergent support
D0CC10CC-1140-432A-B37D-E667B64CCC8B,Video Games With Custom Soundtrack Support,neurodivergent support
747615C5-C23A-41FB-B7A4-9E4B3A7F5616,Fire Support Vehicles,neurodivergent support
E07BD4FC-EC94-4442-87CA-6AE5B64AEA3E,Research Support Companies,neurodivergent support
CA4373E1-5F22-41DB-B2BA-0643FB6B03E0,Disability Services And Support Organization,neurodivergent support
480E5F69-62F4-4A13-A0C1-6859C30F7034,Women's Empowerment,women's empowerment studio
F4EC3E50-9348-47EC-BDCF-F768AE91DF8B,Women's Empowerment,women's empowerment studio
174306C7-6C4F-42B7-8D90-C090CD4CC74C,Women's Empowerment,women's empowerment studio
F789436C-4E04-4DAE-B4E4-F01F543CA78F,Painting Studio,women's empowerment studio
5A1CFDF1-528F-4005-8D9A-FCFE789FF1A7,Model Portfolio Studio,women's empowerment studio
7AE906D3-18CE-4BC4-9088-1FB1C2BCF48F,Coaching Center,trauma-informed coaching
DD801104-CADA-4632-A953-154BEF198AFC,Coaching Service,trauma-informed coaching
66CEA26A-F236-43FA-8653-857501EF9DDA,Banking Entrance Coaching Centre,trauma-informed coaching
81219ADC-E0DE-46C2-B125-F83D8FF41665,Nfl Player With Coaching Information,trauma-informed coaching
B0BB28D3-0B75-4D06-B519-18BF8A9421AC,Trauma,trauma-informed coaching
7ED53E39-9E8D-4147-9F10-64875A9943B7,Coaching Center,trauma-informed coaching
DDF2063B-005A-4B48-9F97-FB35DEA2F501,Coaching Service,trauma-informed coaching
FF2679D8-63F9-4EF7-9421-5F0100783B64,Childhood Trauma,trauma-informed coaching
A53C63BE-D736-431F-82BE-0555FE1BB89A,Sports Coaching,trauma-informed coaching
A29A001E-C4DB-4055-A592-83048F9F79A2,Coaching,trauma-informed coaching
C1E1577D-1DE5-413C-BA16-1E3F325920C7,Trauma Centers,trauma-informed coaching
61AD3BF3-2DA3-42A8-B01B-2BF1190AF2DF,Informed,trauma-informed coaching
B47BF837-168E-4975-90F8-5F53F65196EC,Sports Coaching,trauma-informed coaching
2AEBB556-74C6-461B-B451-78833DA1A29F,Coaching Center,trauma-informed coaching
5D1DDCD7-66AD-4C1E-B0DC-BC0E8A5C13E9,Self help,self-regulation workshop
DBF0E261-6C98-4775-8714-A8F1B941542B,Self Serve Laundry,self-regulation workshop
E92BC991-25B0-44E4-A741-9394385CC0C3,Self-storage Facility,self-regulation workshop
D7DD8AEC-DEAD-474A-BBA5-0C1BA347AC78,Self-catering Accommodation,self-regulation workshop
2DDD3592-1130-431F-8E14-E60999820B70,Machine Workshop,self-regulation workshop
8059860E-AF4E-436D-AC72-053219DBE591,Metal Workshop,self-regulation workshop
67E1D9D2-06C4-499C-A87F-15F4688E9C7F,Self Service Car Wash,self-regulation workshop
3A70510E-4CFD-4988-8468-949D794583AC,Self Defense School,self-regulation workshop
0AD76B93-7333-494D-ABBD-ACC2B5E7F5D7,Self-catering Accommodation,self-regulation workshop
B4713EE7-A8A3-4666-80C8-0EB0B19A576D,Self-improvement,self-regulation workshop
3D951DE6-5981-4A52-9A2F-0F1CDED9FB7A,Self Service Restaurant,self-regulation workshop
4A37C203-D815-4B39-9EE7-A373B203BC47,Self Service,self-regulation workshop
58B8315C-81FB-44B9-B719-0C8DDE74509A,Self Service Health Station,self-regulation workshop
45925BC4-0803-493B-A23C-B88A9F2E7701,Self-catering Accommodation,self-regulation workshop
4EED219C-ECE9-415C-9B49-BC58BDFDC5B1,Self Sacrifice,self-regulation workshop
51CE1958-5D09-4279-9CEB-1671EF659DE1,Ground Self Defense Force,self-regulation workshop
D93575E0-6644-49E0-8CEF-62B554F15BF1,Self-catering Accommodation,self-regulation workshop
FC014722-D502-4B23-8942-95CDA112CB44,Self-discovery,self-regulation workshop
B7359BEF-A4C0-45FA-BC7F-91AE696CF9B0,Mechanical Workshop,self-regulation workshop
51A0FB54-0B01-4F89-ADC1-78EA322E5691,Photo Lab,mobility lab
8F1EFB36-2A08-4196-ABF4-16C594F63901,X-ray Lab,mobility lab
3A62DFF8-9B57-408B-97F7-27FF42F09EAB,Mobility Equipment Supplier,mobility lab
3B28EB7F-E2E8-40DF-84AA-4A7ED8DE797E,Pharmaceutical Lab,mobility lab
1F7EAF32-3058-4B89-8321-CFCEBBFA4E7B,Chemistry Lab,mobility lab
5127F589-2F7E-4A31-814F-B281416B4F52,Biochemistry Lab,mobility lab
AD68872C-79F8-41D8-B5D7-73185D871478,University Lab Room,mobility lab
38FC3540-0CE6-4655-AA01-9D246FCF1462,Training,agility training
2E537748-D80E-4549-B25E-D6F91DF88217,Motorcycle Training Centre,agility training
32196CB2-E57E-453D-935C-88BB45B37B2F,Stained Glass Studio,functional movement studio
2065E942-A287-4960-B20B-78A493310848,Fitness Center with Gym / Workout Room,aerial fitness
58D56170-7C18-45F0-9308-8DA5B1671B81,Fitness Center,aerial fitness
6259CF09-CEC2-47BB-B358-254ACDDAF85E,Health & Fitness,aerial fitness
4A8DDC4E-CE22-43A5-95D3-0533332B4A6F,Physical Fitness Program,aerial fitness
447E759C-B8F8-417C-B2F9-62CC5D7FD8D8,Fitness Center,aerial fitness
E72A7EAD-FDAD-4743-B22D-51BF292068A5,Fitness / spa locker rooms,aerial fitness
88C03BB0-239B-4FC2-9A54-C388CDB80D29,Aerial Photographer,aerial fitness
EA4165DF-8866-4C2A-94EB-61CEFD746A73,Fitness,aerial fitness
0FAF532B-B82E-4D87-B491-826ABA4D99ED,Fitness classes,aerial fitness
4D2E5A60-9E54-4856-93B6-472C6D6CAA10,Fitness Center,aerial fitness
32AF99EC-FB17-457A-B1AA-0201B6E733A7,Fitness Equipment Wholesaler,aerial fitness
1280118A-E85D-41ED-B05D-09F2EDE54434,Physical Fitness Program,aerial fitness
A9B726D3-0B02-4052-8689-FDA9CA509FA0,Aerial Sports Center,aerial fitness
CEF1C467-CE89-4764-B032-B1E3C90A8479,Fitness Center,aerial fitness
0159E97A-8079-4EC0-9134-FD5F7EFB62B9,Acro Yoga,acro yoga
2B16CEA5-3A2F-4D75-8D3C-B2CDD57A98CA,Acroyoga,acro yoga
D441A621-E824-431E-9D9C-6DD90DFBB633,Yoga Instructor,acro yoga
EB14611D-7F0F-4052-ADDC-3F047E86FFBD,Yoga Retreat Center,acro yoga
A9CF8628-AB34-4B64-A67A-05144379F18E,Yoga classes,acro yoga
3E7BCC9B-FD94-4DCB-98A1-D0BFCF07CC9B,Yoga room,acro yoga
77709913-BF7F-432A-B165-E16B1C010819,Yoga Studio,acro yoga
766CAEB5-2E50-40B1-93E2-7F331DF861F5,Yoga Retreat Center,acro yoga
34896322-6B9B-42A7-A6E5-15515B49F45C,Yoga Studio,acro yoga
85EFE1AD-1DF8-435E-814E-90F5F831A1C1,Yoga,acro yoga
84CC29AF-4584-453A-9AC5-D165202599D1,Bikram Yoga Studio,acro yoga
A3270C5B-1336-47C0-99D0-D39209CBB194,Yoga Studio,acro yoga
6BC2B64C-6AD1-4EED-8C1F-012CBB188890,Yoga Retreat Center,acro yoga
D59268C8-44BF-4588-A87F-14B26042AE98,Yoga Retreat Center,acro yoga
BCDD938E-64DA-44F0-B4F4-E3E1D822C24B,Yoga,acro yoga
566893F5-809B-4799-890A-3093B28D0C79,Barefoot Male,barefoot training
9DA9CB70-D504-4419-8D5C-A528839E2060,Barefoot Female,barefoot training
A9423021-376B-455F-B102-5335AF9DA349,Barefoot,barefoot training
17D6472C-147F-4CF9-9B02-DA0AFD55F0DC,Dance Movement Therapy,movement therapy
6D2607FA-440E-4FC4-9DC6-F9C8AEB4CDC2,Film Movement Plus,movement therapy
9A1B0147-DA7E-4746-9FC1-1E699BA01DF3,Union For A Popular Movement Politicians,movement therapy
C557FAF0-A5A6-4425-8819-77861E76A2D4,Union For A Popular Movement Politician Stubs,movement therapy
888512B8-2DC4-4D18-B956-30B881D51615,Latter Day Saint Movement Stubs,movement therapy
90325CB4-4790-454A-A557-29129B340288,Me Too Movement,movement therapy
C055E908-C211-4D53-8F5B-861CE0AF7DD8,Wedding Portrait Studio,kettlebell studio
F2EEE569-1FB8-4318-BC9B-ECABBFE4C006,Fitness Center,adaptive fitness center
F78E653B-A09C-464C-86DC-ED0AE8A12298,Adaptive Sports Center,adaptive fitness center
69A1E34F-E3A8-4297-99F1-7543B7305F29,Adaptive Sports Center,adaptive fitness center
571F6EB4-A58B-4B69-8E2B-A6051E26AB02,Closed Circuit Television,strength circuit
EA70F888-33DE-4F0E-B804-E3B45C36D5BA,Marvel Comics Characters With Superhuman Strength,strength circuit
86021AD3-B1D9-42CE-A2C8-C9A2A65B41FB,Dc Comics Characters With Superhuman Strength,strength circuit
3826F0F3-06CD-4069-92A9-DD70FEC0C316,Superhuman Strength,strength circuit
C0028ABB-84B0-4ECC-B5D8-3F61AB3A0BD3,Gym,trx gym
E18989F2-1345-468B-B924-086F8B664A66,Gym,trx gym
05A0596F-EAEB-466C-892B-B719280C8C8B,Boxing Gym,trx gym
31B9D7C3-3954-45F0-BFE4-1B7AE8C73B42,Muay Thai Boxing Gym,trx gym
B38E39CC-C294-4723-97BC-63C80AC53793,Rock Climbing Gym,trx gym
658A0AA1-043F-460F-8FAD-CDC9105F9161,Gym,trx gym
9F00C490-168D-41AB-95A8-9B706360FA7C,Gym,trx gym
853328E4-4A67-402D-A1C9-5674924F6D0D,Gym,trx gym
0A2C31DC-A496-451C-BF0F-8057F00A903F,Gym With Swimming Pool,trx gym
421EB513-D7EB-49D6-904E-F737F04372AC,Boxing Gym,trx gym
3106BC1B-46B9-4BE6-86ED-7282DCE06F51,Rock Climbing Gym,trx gym
48137519-E1CE-4D86-A5D7-87CE4A8582CA,Hapkido Gym,trx gym
